mean_gray,std_dev,mode,center_x,center_y,integrated_density,median,skewness,kurtosis,label
18.205589341190734,65.10709781835696,0.0,6.16246061902389,8.667224236956207,4660.630871344828,0.006718185544693172,3.3440439125092145,12.213360564157933,1.0
12.155254443695137,53.73042493476292,0.0,6.302880736061655,7.379848559343995,3111.745137585955,0.005969945410008945,4.27758316993022,19.324103783180778,1.0
4.012166435512529,28.512360029721027,0.0,7.971131800321941,4.8636935519981845,1027.1146074912074,0.001628048308979327,8.155565779535545,70.56048619172702,1.0
5.615843345716673,33.8163184674712,0.0,7.414424304047799,6.400536060844547,1437.6558965034683,0.0014747187651935718,6.60160221522128,47.02463288888889,1.0
4.073603000902052,28.97812237654315,0.0,8.4751380278391,10.31337005626212,1042.8423682309253,0.0010599303774795636,7.906395618714047,66.7337302659456,1.0
4.05184235511103,28.89079710668141,0.0,8.115485653627607,5.9349162572664484,1037.2716429084237,0.0011455707497554355,7.92833581299349,67.06851136652999,1.0
4.048847114198381,28.859152811208236,0.0,7.237455253821305,7.643593973914011,1036.5048612347855,0.0012850523828807634,7.945838315895134,67.32968452431979,1.0
4.114716476365602,29.091398170594125,0.0,6.405493304659118,5.968852668191898,1053.367417949594,0.0010170357203660733,7.852634380626522,65.8479287421166,1.0
5.269597466963861,32.325298477951605,0.0,7.437473427119695,8.85484300591761,1349.0169515427485,0.001195250149427088,6.797007740050409,49.860874182426244,1.0
7.092773292776888,39.47101130858723,0.0,9.90750513337249,6.498207963253155,1815.7499629508834,0.002037790598322005,5.867952783146438,36.41109729735345,1.0
16.328070173319535,61.62373674387088,0.0,8.3826757936522,8.02411910951758,4179.985964369801,0.0055814261058194075,3.588952914006975,13.933848366150201,1.0
18.223985390061998,65.02102124563872,0.0,5.864147948086494,7.667793865080292,4665.340259855871,0.006114433332629548,3.3491520748895685,12.241917214241981,1.0
16.983368172032293,63.32025915884911,0.0,7.068241808927721,8.528375458012643,4347.742252040267,0.006668201834435486,3.4826053527793643,13.129115132793586,1.0
14.517138687046327,57.98070046580796,0.0,7.3432691765318205,7.743844750950294,3716.3875038838596,0.004950025274672991,3.872623129184399,16.090702099217133,1.0
3.919444469592901,16.5436135785399,0.99609375,3.818602717299375,5.9696458502063185,1003.3777842157826,1.954468378806716,13.897360676757229,208.03206637973463,0.0
21.01125154391045,27.6217844136149,14.94140625,6.1807617103290555,7.285112343184478,5378.880395241075,15.77296971782469,5.398210539733879,37.83610019722252,0.0
141.3172930005814,49.48406007676937,150.41015624999997,7.4644893310444935,7.385851530677548,36177.22700814884,154.89988358556508,-0.9834726973387329,3.3171089136942182,0.0
97.65037268705868,54.47423044188257,117.53906249999999,6.700440318234139,7.469834435200492,24998.49540788702,117.8795245813121,-0.2776000109057931,2.294433736748399,0.0
100.66394005864474,54.024715968569815,136.46484375,7.142591823269187,7.582792735721542,25769.968655013054,116.62471504558388,-0.1258456731279149,2.0410644533406983,0.0
6.394068493672531,26.806960778154377,0.0,8.596824690930317,8.310322470094395,1636.881534380168,0.326467919457493,6.272112336334573,46.49314358814786,0.0
3.535793140167928,16.94492320592263,0.0,5.391853938182815,6.408541322465757,905.1630438829895,0.21705796404217764,12.934529840075392,189.78473988765356,0.0
5.620995247718081,21.67750213604636,0.0,9.889159077326312,8.836035636545088,1438.9747834158288,0.2418732595915502,8.391796952832786,85.64628634117234,0.0
5.175189877074163,22.51848316612902,0.0,6.413609313139761,7.65020074209593,1324.8486085309858,0.43855368532963934,8.232443246284346,81.16572381402325,0.0
149.9207930437559,46.304899694918404,153.3984375,7.502745782346361,7.444134876934716,38379.72301920151,156.1741337453114,-1.335465871255543,5.18945594230422,0.0
142.85816440920547,58.274834379042936,166.34765625,7.661706535099439,7.464034175398185,36571.6900887566,163.52440828401,-0.8525161520287731,2.8113485714374997,0.0
144.4633689138321,53.02248322320644,163.35937500000003,7.650235043243207,7.45564460510358,36982.62244194102,158.986548631875,-1.1025393195698214,3.6015733233627105,0.0
96.39667262800906,45.87306119100345,106.58203125,6.6160891027476145,7.648147168307969,24677.54819277032,104.78426204818754,-0.386249411770795,3.279201895411074,0.0
8.027027237183564,25.509973473038375,0.0,7.92567532429744,7.555827665002747,2054.9189727189923,0.9091388146430686,5.934950445574948,45.835689950092,0.0
9.139152014547724,25.39546850427794,2.98828125,6.567165694531277,7.626575052121395,2339.6229157242174,3.908730780771875,6.5254207048620545,51.120714620074864,0.0
11.23975519901343,37.9037985260973,0.0,9.131021323732002,6.257497608380202,2877.377330947438,0.6863345262760809,4.412115409047471,22.98418174125055,0.0
7.983419810856076,15.698415899000654,6.97265625,7.759514775586356,7.745468047458987,2043.7554715791555,7.4266257282313966,15.206438233726475,239.47113201636338,0.0
6.799951682957742,24.548069436845612,1.9921875,7.417837224684688,8.368464927517271,1740.787630837182,2.9350376836065006,8.293688202460995,78.81073424533518,0.0
12.574630512673341,28.247599444001736,11.953125,8.374954727148989,7.601776685775217,3219.1054112443753,11.586444254633447,6.585722255224711,50.12007709539571,0.0
4.863709192421608,19.1194564433669,1.9921875,9.073493214131453,7.775810252452813,1245.1095532599315,2.4408082101749544,10.74198667378111,129.2411562060963,0.0
3.1695797515804216,17.50596109377093,0.99609375,5.495996164801565,6.424430832402968,811.4124164045879,1.674274413133243,12.483413083635106,171.69911186039886,0.0
7.823306486768459,25.19859268679264,2.98828125,9.414519012220874,7.288533589802548,2002.7664606127255,3.5063088413584307,7.26095891397019,60.83851290042744,0.0
16.491059009378553,27.646338411821183,0.0,6.801466138749705,8.116841306568801,4221.71110640091,9.966511233573264,3.9846149844827403,26.73973906772934,0.0
5.118932146545371,17.95760886419363,2.98828125,6.6313526395294256,8.259140633111954,1310.446629515615,3.2886589065555496,11.984011980546404,156.60787372389268,0.0
4.260403846632287,15.928064619827827,2.98828125,5.982716077482704,8.520148195203058,1090.6633847378655,3.149346195543732,15.265543704949007,239.92410008080026,0.0
17.03087575764873,21.444926040302764,17.9296875,6.797786634036971,7.564426903460429,4359.904193958075,17.384947208914348,7.891219180358123,77.13616860287517,0.0
89.18531154271363,54.04908252504501,123.51562499999999,6.732480783413204,7.385926463767908,22831.43975493469,102.72038801905774,-0.03708176832540609,2.1267039699455053,0.0
5.21991106223356,16.36158850351363,3.984375,8.926864355327675,8.470848731887303,1336.2972319317914,4.343737692004561,14.082870654899814,212.71742368278709,0.0
4.636067803251063,18.16320654111812,1.9921875,9.745910872687093,9.563494949321292,1186.833357632272,2.066627788307245,11.009563311057772,143.9251513940711,0.0
5.9666016860066335,22.781839072381096,0.0,2.898682983526126,7.680106272103367,1527.4500316176982,0.8919356238608225,7.364959033823976,68.5766692472907,0.0
15.199975243941985,24.314384696805895,6.97265625,7.197148700394104,7.451906448609757,3891.193662449148,8.23863340043555,5.360436052876807,43.38035251720608,0.0
9.060741509998532,29.369249841824004,0.0,12.24757406453272,6.818623715489844,2319.5498265596243,0.9335037308817367,5.670006891384916,41.721427059581444,0.0
10.630567634285228,29.503697678177645,0.99609375,3.0924471945660357,6.6588078460896565,2721.4253143770184,1.6178626760046506,5.2436550694427,35.767078154803585,0.0
7.43324899726187,20.861026426925108,0.0,7.128952247227293,8.082865066693357,1902.9117432990388,0.7438405568866286,7.74416386678849,82.99542686997202,0.0
8.721972885144437,31.29703638574442,0.99609375,2.7886747153611924,8.586390925495872,2232.825058596976,1.607447049229989,5.000447166512972,29.42847021065034,0.0
39.37387756481135,23.66525216756497,35.85937499999999,7.704338705849401,7.58313093429482,10079.712656591706,37.35253637435978,5.841233938589917,49.44665937322361,0.0
3.5208710337768174,19.56091969796872,0.0,14.12049183229355,8.55257924190737,901.3429846468653,0.43152190422592407,9.479397283885351,111.20180296784315,0.0
5.01319959728799,24.11584647355157,0.0,1.723737598299045,9.191836589043227,1283.3790969057254,0.24867849214564014,8.2244243207285,77.7639190703905,0.0
2.3988428065691085,18.491626218690836,0.0,13.537758517901553,9.691613518046374,614.1037584816918,0.15000748776422962,11.382785834856557,144.23404713389064,0.0
3.646852936659832,24.976197229560253,0.0,4.049901445289214,6.4284541107117175,933.594351784917,0.14942798741202196,8.705476574771353,79.54420409226128,0.0
106.88615870153039,41.83736719931567,119.53125,7.031848311283185,7.490025344197048,27362.85662759178,120.83183047791283,-1.1517576807810233,4.376516684438014,0.0
156.31646772391554,56.14355854313437,133.4765625,7.943314234211055,7.634937279935037,40017.01573732238,174.93782786089054,-1.1362314342494473,3.4169155124147164,0.0
4.822299023979215,23.04972794696449,0.0,13.579491525174461,6.286504980863122,1234.508550138679,0.12556617277579302,7.698028868434532,70.56546404008002,0.0
62.88272790113745,47.286872596997135,55.78125,5.965665399648295,7.535585166013943,16097.978342691187,56.19377429505506,1.576810463531614,5.559767448651404,0.0
118.4299739714578,61.93162458826447,148.41796875,8.418264716293699,7.706210402036573,30318.073336693196,144.65851814517356,-0.3457197262524982,2.1552388704083825,0.0
9.89000692351016,17.71649499000952,6.97265625,8.104850934815609,6.756651776425544,2531.841772418601,7.289093132087945,10.990670300347418,145.63782959154943,0.0
4.772159329744147,24.402161131584567,0.0,13.128763470868764,5.940363033559433,1221.6727884145016,0.17953052990051954,7.048691387341177,58.865138984572404,0.0
49.069124793441325,54.687370643643604,18.92578125,5.238436513522546,7.020984823696393,12561.69594712098,20.66968168377001,1.8022817699070812,5.500677050602257,0.0
4.855745469978563,24.650626857415958,0.0,12.928924658962591,8.362024390303057,1243.0708403145122,0.9869307553875646,7.937735594480336,71.27852618251566,0.0
5.5248735833929485,23.576744979394686,0.0,1.9110237971700161,8.074896696892871,1414.3676373485948,0.6551688287556764,7.267861782763473,65.10339006865377,0.0
43.053659794310605,20.324855308505818,41.8359375,7.104645143713369,7.480012044823954,11021.736907343515,43.018903005884425,5.4059071441624615,55.46703655314217,0.0
138.026893933189,57.61859417497366,164.35546875,6.992054303462504,7.435479697583753,35334.884846896384,161.93601151530072,-0.8610966496020809,2.6396772402240996,0.0
5.850377112881754,24.590929651415447,0.0,12.30062118655001,7.2198794621962685,1497.696540897729,0.2004725140647371,7.258570879212071,63.22169922473106,0.0
14.315263979236505,36.66745142538632,0.0,6.713635602642007,7.416535635203747,3664.7075786845453,0.5795737469400732,3.7591702886223968,19.60640311960591,0.0
5.408642477721189,19.708853395798684,0.0,4.246278184938316,6.572993063338227,1384.6124742966244,1.0323995744538599,8.869521093405956,103.67820213036053,0.0
137.4213088768068,63.0169729359104,150.41015625,7.554941274856731,7.699004288521538,35179.85507246254,151.52173913043714,-0.6190339892702259,2.3196192748559836,0.0
18.85973230534779,16.569471960239106,21.9140625,7.74841969017094,7.222326368905308,4828.091470169034,20.113829041664644,11.42706488500001,161.73919904153814,0.0
9.167234944331328,18.77417582362376,6.97265625,8.569986919977326,6.444143023890022,2346.81214574882,7.336842105262042,9.735591455840652,118.36809484821757,0.0
23.50319780185223,32.54902633010938,17.9296875,8.056406266002893,7.442121158376192,6016.818637274171,17.540080160319206,4.637243343632401,27.562083802625384,0.0
17.33536352238749,20.315393525093562,15.9375,7.597401407897841,7.961661072029326,4437.853061731197,16.11896037759135,7.644455691381374,79.71369759043412,0.0
7.298041398602867,26.930228673762286,0.0,12.54377011806417,7.935803303309447,1868.2985980423339,0.3936128578312174,6.181192512215416,47.48024126722248,0.0
10.649611063334811,29.403078025654377,0.0,4.3927130741207066,6.6942214329397824,2726.3004322137117,1.7593928742386646,4.722513974640835,29.78040249607962,0.0
7.303288892298077,16.283647372872274,4.98046875,6.729096504506411,7.122968626307708,1869.6419564283078,5.46187486585064,13.807927821417124,209.2363918942689,0.0
18.38591591710007,29.34664789690667,14.94140625,8.817392328126104,8.004079500217136,4706.794474777618,15.121424496779635,5.887145877553984,42.68460665134997,0.0
12.541651329183242,27.79111037543596,7.96875,8.617816800783048,6.771993920716924,3210.66274027091,8.458150252615322,6.859259098041215,52.42547486203297,0.0
3.084505044963297,17.089114292778024,0.0,13.266012033605508,8.28713147815694,789.6332915106041,0.31104092395591404,12.76696539396432,185.03767696365597,0.0
3.5244684132885173,21.13513810164525,0.0,1.0892178660592458,9.20569878285311,902.2639138018604,0.32352301258333094,10.01031148802524,109.58527088704282,0.0
20.901235184879553,28.56032599129402,12.94921875,6.669407041876252,7.66889847458305,5350.716207329166,14.131942368622605,4.460907931869554,28.16030533258612,0.0
4.081890407512955,17.3672677885585,0.0,12.902393441015764,9.459003722080045,1044.9639443233166,0.44227280350035253,12.062475371316792,170.8813924050287,0.0
14.521003453898372,38.262570346560885,0.0,6.273162138179378,8.094838917437734,3717.376884197983,0.9124200981119892,3.9882836201503244,19.59171491210572,0.0
6.458770517106865,23.873149993301507,0.0,7.311271785023568,6.422380018478859,1653.4452523793575,0.6787353112810804,6.532604214086709,55.455694746662054,0.0
7.80531430604587,23.571215797898365,0.99609375,6.0413062914943785,7.249698463627257,1998.1604623477426,1.3510078666685614,6.383702932845436,55.69513325437231,0.0
10.741156983619645,29.570970995008526,3.984375,7.477029907148959,6.842383832591794,2749.736187806629,4.546150837624269,6.041640524975525,43.565833722388334,0.0
9.502831351447629,30.2453443013643,2.98828125,5.070263031409048,7.962617055710753,2432.724825970593,3.1194863019385264,5.8567197324119515,39.95111626892592,0.0
17.608417209151767,25.440089239734544,11.953125,8.537716299920964,7.663144614857247,4507.754805542852,12.919088064371609,5.845602611804449,44.340435259965524,0.0
6.246593413484083,20.815927767178824,0.99609375,10.834198594917432,7.058839751983219,1599.1279138519253,1.8988078520640799,8.220536813915873,86.15057487104951,0.0
6.0835016691350265,20.1095371654848,0.0,5.474086774794596,7.182242507171643,1557.3764272985668,0.426479310976519,8.551242896324965,97.04017897745099,0.0
4.078597696951395,20.618100688302533,0.0,6.463441412378464,10.878795420607378,1044.121010419557,1.5715004401959054,10.427047077409087,116.56073287065195,0.0
3.552803820794745,18.11178764379857,0.99609375,5.700764181293695,7.102967795505368,909.5177781234547,1.6132545115120396,11.423922112648196,149.38420820231826,0.0
8.872186511374622,34.19532512179076,0.0,7.1814415419884385,8.094813284266424,2271.279746911903,2.1872166361050223,5.770853786133716,36.30622173077195,0.0
6.914898354437018,24.77318933109836,0.0,7.532556348542348,6.505887212165883,1770.2139787358767,0.1939303652179917,6.435252211983584,53.36868748882485,0.0
43.108368189988596,62.42889279974851,0.0,7.509374256676639,7.221152889078935,11035.74225663708,3.7997787610607197,1.2101562192218671,3.20723109408602,0.0
8.036281640182796,20.422333608242987,0.0,5.896197076322983,6.20462530383144,2057.288099886796,0.7376883273528176,7.9818917749724445,89.36676771229361,0.0
19.381112625348752,29.55334922053779,0.0,7.7323093236770255,7.889211800223664,4961.564832089281,14.510261194027276,4.171046307704708,25.5054877023567,0.0
11.667633971065952,20.021334234627556,0.0,7.8093855070743485,7.869359304312435,2986.9142965928836,9.31248551468341,7.893011179468624,88.46877627903456,0.0
31.474358844319745,32.38039152237477,0.0,5.949484507278351,7.235708286835186,8057.435864145855,30.802347320314425,3.156966397509051,17.744955581827845,0.0
5.869928574371113,23.281150346462912,0.0,9.985569377505787,6.7887851558680135,1502.701715039005,0.727305892155758,9.239102933874776,96.62902426141152,0.0
23.612648987082032,37.34398518968494,0.0,7.527253019430948,7.1816519524924,6044.838140693,1.9267482880263374,1.8841878048825496,8.109172683020205,0.0
35.590645192028134,55.32857277001635,0.0,7.379986304932656,7.4152780261222215,9111.205169159202,4.496379047480442,1.5394890223460431,4.652754738957617,0.0
19.534498187525898,32.04836378471097,0.0,7.7845693262622415,7.748633360388281,5000.83153600663,2.9066919105660682,3.0242513607011716,18.517946563643292,0.0
2.224224488138392,16.307570566223255,0.0,9.828641291425527,6.8496599428929965,569.4014689634283,0.09511180407748547,14.614463612692964,225.60556414169943,0.0
5.747046742048903,21.6086979031984,0.0,9.246664753320866,8.267459626820406,1471.2439659645192,0.47115564087058204,8.28664790522515,85.28483169268144,0.0
10.123483599266452,26.80025104689281,0.0,5.0256153530182965,8.958464030321712,2591.6118014122117,1.2618096228583215,5.036465768191507,35.96617922058303,0.0
5.889782860670502,25.06810003874523,0.99609375,2.5225830879342794,9.298570763983102,1507.7844123316486,1.3212864492983103,7.478919393998876,63.311368315640834,0.0
9.650608032528869,27.241393659168555,3.984375,5.539383248181812,6.933014639395987,2470.5556563273904,4.132051514601365,6.468548967311106,50.51400567495182,0.0
33.5401404139042,32.55207563951313,0.0,6.765321604973348,7.154343638691877,8586.275945959474,30.622703038458738,4.029151299606056,22.944163347030496,0.0
5.281361851926993,20.80771708669502,0.0,11.588045388864566,8.990846648054768,1352.0286340933103,0.8440936787629055,8.324499149839076,88.2735731336809,0.0
13.875442921709281,34.503879573048685,0.0,5.406493849620142,5.937914901865459,3552.113387957576,1.4552807637374534,4.045905356109846,21.9314403472535,0.0
40.48146576037625,31.8058732437473,35.859375,7.5627173026665115,7.663988117974586,10363.25523465632,38.111913357398535,3.327057368077922,19.158036960743384,0.0
26.79349995304078,20.55263446805721,24.902343749999996,7.7358359868164275,7.702195408077772,6859.1359879784395,26.33658903080326,6.74213951879626,68.85015699795166,0.0
40.29675767786604,34.05256017056577,35.859375,7.657488508708255,7.576230639928729,10315.969965533706,35.04349253241327,3.2555051467172693,15.37247600624353,0.0
11.591255938788589,27.676262939383253,6.97265625,6.736343451459257,6.741523269741988,2967.3615203298787,7.186720910202512,5.767741076829456,40.3754572242514,0.0
30.136384467734416,32.768102728001374,22.91015625,7.6542003062731485,7.837457780994972,7714.9144237400105,24.086266390614114,4.316031298857368,24.906610069515036,0.0
19.851055413707904,24.821194299615886,0.0,7.934428352594283,7.429336047610475,5081.870185909223,20.423035044561864,4.746512951168039,37.61506388776682,0.0
10.658840234397637,19.41540167374146,6.97265625,7.108475177503051,7.910068375686436,2728.663100005795,7.632927849841145,8.786038488261813,101.69827812928493,0.0
6.056270914845305,19.505342890110953,0.0,8.331540299521274,8.40963161045426,1550.405354200398,0.23446788244537015,8.723963924971669,105.13696346428165,0.0
4.6524525478007135,18.455137596855074,0.0,7.298596140495923,6.444316103839758,1191.0278522369827,0.3430976308062803,10.498016713000627,135.03814716459772,0.0
19.382418765909005,33.35490276312766,0.0,7.649731564650809,7.444023871242031,4961.899204072705,2.8057125992597016,2.755226081420658,14.524439571699098,0.0
6.63656692884558,22.278457503565193,0.0,7.705316911714304,8.157997140686927,1698.9611337844685,0.23006644368349027,6.950599768652818,66.79778142392243,0.0
11.860609433118015,35.943690338520135,0.0,7.53692540641268,6.685446934883912,3036.3160148782117,0.40730911784551277,4.1549939735107255,21.697992532089856,0.0
7.144373165438239,21.829479036313103,0.0,4.972533660232186,7.209333010076722,1828.9595303521892,2.4200599550335857,7.5287097802803,73.28081984205382,0.0
28.818222340308004,50.75659189493604,0.0,9.38955648343905,7.616253703643411,7377.464919118849,8.336825180274229,2.312112098969661,7.539914191205277,0.0
20.187652658045565,35.68766790366931,0.0,7.053078848466037,7.847151791048165,5168.039080459665,4.10540229884991,2.4297775893492046,10.640055162777617,0.0
31.326454681972955,54.8157200739609,0.0,9.323923715029018,7.5830825420825905,8019.572398585076,6.140889044146033,1.9916494661594335,6.077669273590608,0.0
7.596463511763383,19.613949663052633,0.0,5.254716105026486,8.168104457005633,1944.694659011426,2.7776020321436174,8.497397273167477,100.58233958882825,0.0
23.003093226672725,31.465641485352332,0.0,7.459065419099301,7.387905607602663,5888.791866028218,20.085537600432108,4.225004494901335,25.022045895710118,0.0
32.23571695740476,30.146011033066934,26.89453125,7.855694927524842,7.278755960905836,8252.343541095619,28.735595594316855,4.448311501852578,28.152528782775338,0.0
10.553036899275483,21.807536104079773,5.9765625,8.414755374920068,7.582794176820196,2701.5774462145237,7.734500789718403,9.11119554987652,92.62399860446972,0.0
11.894343209611488,24.26843785333669,6.97265625,6.724730329866422,8.238025967655268,3044.951861660541,6.922223087708032,5.662024374632689,46.08985682935698,0.0
26.84260976343038,33.149802804142624,21.914062499999996,7.41657057195568,8.101423937626551,6871.708099438178,22.2447624298309,3.6810054324034915,20.181245930970114,0.0
14.240963848210436,22.030573139744448,0.0,7.322870267509201,7.158124756655554,3645.6867451418716,11.580254321679138,6.776194875798158,64.321115381764,0.0
2.851426443178151,17.768157625607987,0.0,9.942945661302538,4.635417737434157,729.9651694536067,0.11453169429589626,11.793622680576362,160.74223060466835,0.0
13.049779903744462,32.942138052935434,0.0,5.592293461057644,7.181005427614603,3340.743655358582,0.9387017255545184,4.111272036313215,23.151787827283496,0.0
6.432858307583626,24.681312217625315,0.0,5.931628338235277,7.96566795220996,1646.8117267414082,1.0204857711184687,6.738118825109685,55.17694149549018,0.0
26.578156130664063,32.95378395309871,0.0,6.7519274087163845,8.037605470791757,6804.00796945,19.909305993689525,3.4299729486532304,17.388771841807266,0.0
21.787701048725417,32.15761848084683,0.0,7.061253329410544,8.186644173257717,5577.651468473707,16.257188334359974,3.9341087449245884,21.859586775055604,0.0
11.323490804972046,28.282820060233895,0.0,7.866113729850203,8.837741299529613,2898.8136460728438,1.7080282257236559,5.3881595030919165,38.15106222987694,0.0
14.605245371162525,35.46315277068284,0.0,6.528780735862687,7.3859576584110584,3738.9428150176063,1.42688641988295,4.1851272026569655,23.318989555172767,0.0
2.4438851281136573,17.412510326570107,0.0,4.503922895792946,5.647870312534292,625.6345927970963,0.4834952789175687,12.79871793226419,177.87165458005893,0.0
6.605443778053354,21.3545816028726,1.9921875,10.296928094297288,8.142992473880433,1690.9936071816587,2.6861171563289847,8.755108449948303,89.7200183129653,0.0
4.286170400147493,20.502249895783212,0.0,10.961166452025926,9.207031642436464,1097.2596224377583,1.6465386217862883,10.107437550044999,110.74739455884637,0.0
7.94993660859827,28.926134595083088,0.0,6.632124805816248,6.738019224878997,2035.183771801157,0.5285503247009693,6.632173357183175,50.995859447979136,0.0
6.2650790679988155,22.169900190226812,0.0,7.019475646099359,8.499491652701327,1603.8602414076968,0.3293169737299439,7.427529032426755,72.7786306106179,0.0
9.399461589381158,15.7474413888944,9.9609375,7.427028671014688,7.539335949883243,2406.2621668815764,8.607774656441801,14.833141933424935,231.16152814028942,0.0
27.249061485388022,32.702302193078175,22.91015625,8.003096995439742,7.802339641820901,6975.759740259334,22.05681818181658,3.948073983776257,22.273034428772696,0.0
15.25731487634139,24.701041058618017,9.9609375,8.770451874056782,8.34829564818235,3905.8726083433958,10.507734265137813,6.271036286453824,51.73481601684034,0.0
4.552925361891675,18.929745886594457,0.0,7.146691686181679,8.786237118737299,1165.5488926442688,0.2149112899021524,9.725040456083285,121.55136837877106,0.0
7.778405215787064,29.55842500988442,0.0,3.938084798335899,6.925344659326762,1991.2717352414884,0.4199060822897301,5.879175448089531,40.44619013518625,0.0
4.701654549733142,18.219510360302223,0.0,7.20342959803699,9.025666606129683,1203.6235647316844,0.2617214378245814,10.556518228549624,140.23637197476404,0.0
18.53130338283681,39.63615900802866,0.0,7.097992721251693,7.630736321241156,4744.0136660062235,1.56079592245543,2.8407187955205626,11.56651788989348,0.0
6.149068980455743,23.833424514533842,0.0,9.996758290899521,6.922673378041598,1574.1616589966702,0.35237515688558774,7.489787058856131,66.46799885725835,0.0
7.134516390772228,26.754735607204967,0.0,6.315523586473263,9.600634667388052,1826.4361960376905,0.6107128889127089,6.8366152438355,53.477825792312345,0.0
20.982876520570176,36.116419348234075,0.0,7.555656046655052,7.649586797728908,5371.616389265965,3.2268992258911613,2.349364380301907,10.48557762341636,0.0
22.26164840261561,37.46503899523004,0.0,7.3144019673893865,7.636132526641729,5698.981991069596,3.848963818960672,2.371341443562471,10.333806995856458,0.0
7.993683139965058,22.878862445027288,0.0,7.357180680235801,7.182496681052866,2046.3828838310549,0.7018287067490154,6.85909318302753,63.14269777322918,0.0
23.82363061484158,42.095761036016874,0.0,7.196528157381427,6.610300377263784,6098.8494373994445,1.7579924986604119,2.3341887086880893,9.230490274496434,0.0
6.243275155993738,25.265529071484988,0.0,6.724372568774581,8.571644400670474,1598.2784399343968,0.7054870744947037,7.774747636056886,67.42397397115164,0.0
11.819188395263119,25.211125697884714,0.0,6.255901399264376,7.068865289601784,3025.7122291873584,3.985920813507393,4.847942886444111,37.8876594096203,0.0
14.624860900874268,27.77508646937859,0.0,7.56863633765321,7.542237275125133,3743.9643906238125,7.467627840056725,4.776586076946624,32.531276193637645,0.0
20.924113568809823,24.288184364491897,16.933593749999996,6.911238190840237,7.598470771662298,5356.573073615315,17.87583654241504,5.5939191502077374,43.85821092780081,0.0
23.1550483062954,25.25197600101529,24.90234375,7.5195356199141665,7.826941138094647,5927.692366411622,23.16412213739975,5.922985591038833,49.42534721839909,0.0
3.4540602071228665,18.13001997765119,0.99609375,10.429061236752728,8.836947622134538,884.2394130234538,1.1482012464098799,11.555876522203054,150.6505536816809,0.0
2.402230038403972,17.66563443807313,0.0,5.831989662693849,6.073240500621801,614.9708898314168,0.0,12.195399644666622,166.75934823199015,0.0
8.74695419340425,28.840265591856433,0.0,9.031594677398743,8.05105870613122,2239.220273511488,0.5384920657909535,5.801364808597315,41.444067296447614,0.0
10.536250540390196,33.20645349879912,0.0,7.941097934806601,7.122562070743562,2697.28013833989,2.849555335968227,5.362346106904996,34.37747069948807,0.0
6.792948132797331,22.608067012198152,0.0,11.252632685866317,6.740035829800565,1738.9947219961168,0.37933413194496807,7.354251593021951,68.98799715834345,0.0
5.912053196190214,16.579252809732374,0.99609375,9.166975355779302,8.142343630683811,1513.4856182246947,1.7819310020887533,13.300791503737504,199.09724926989875,0.0
6.610667869645159,17.221435104854258,0.99609375,7.1668900763139884,8.287957640166553,1692.3309746291607,2.1443947954579468,12.01764165598969,170.06953490121518,0.0
5.220033672945316,17.295317080458013,0.99609375,7.063772943556895,7.432096243426817,1336.328620274001,1.967095369355275,12.30554854433833,172.4872289102382,0.0
45.141060132777866,51.83855681906417,16.93359375,7.5086645301361425,7.610624226458418,11556.111393991134,19.34148681994273,1.8749400575108173,6.1491879490445855,0.0
1.7725612888099525,16.218296990750584,0.0,7.038696019253619,11.55349981123023,453.7756899353478,0.4060122165238119,14.993330391654451,232.55028940548164,0.0
12.733577422298257,32.413519226869944,0.0,11.16899222919671,7.995496824019979,3259.795820108354,0.5710592688337257,3.677866356510645,19.354092827363743,0.0
30.947442213270932,41.70228802746841,0.0,6.667068585429604,7.362312036667285,7922.545206597359,13.180568679666607,1.7872486276827324,6.630338031196923,0.0
18.97224626457635,28.711256316138126,7.96875,5.250871872944325,7.467346651718299,4856.895043731545,9.343235363643409,4.38496607937739,28.71049456710256,0.0
15.305740743335516,23.74055783196776,9.9609375,7.602808886048205,7.775594864049739,3918.269630293892,10.706773218752524,6.067779761527217,49.81878487867917,0.0
33.51115886495231,40.594796801949094,21.9140625,8.037678614887232,7.934954049763033,8578.85666942779,22.692626346310686,3.6419671655838175,16.768654359298697,0.0
17.961710788206148,38.13092429789036,0.0,11.920833810953411,7.901154201382405,4598.197961780774,0.5211704563315612,3.433212481034761,17.28132156043306,0.0
7.514072815707431,27.770421382606838,0.0,3.6110985206793416,6.724478848928274,1923.6026408211023,0.18732932600963825,5.80451120572029,40.74054238926465,0.0
35.82291751465095,32.21537151247622,28.88671875,7.819567634521169,7.806494898753738,9170.666883750644,30.507000976876366,3.9195084237931845,22.21712668573609,0.0
40.373485331628814,30.3652055790873,34.86328125,7.457461323539543,7.570113240332099,10335.612244896976,37.48979591836162,4.499119652743596,28.967496323576064,0.0
26.26946863159209,26.404792781894248,19.921875,7.103084523230619,7.278907504825878,6724.983969687575,21.59064412707187,5.08835382783243,35.44909162819706,0.0
6.362761801535134,19.03059696152853,0.0,9.373406171126424,8.955495330006293,1628.8670211929943,0.8413243380533664,9.660854377436427,118.11051510023631,0.0
37.225624946425434,52.036651953739245,0.0,5.291900781278525,7.657869525100163,9529.759986284911,10.941410937767806,1.6793834094492621,4.972744235016151,0.0
47.416347118691284,49.24505281832552,23.90625,5.318600856356258,7.259866085911847,12138.584862384969,27.517775229357678,1.920284457257076,6.172153089601547,0.0
25.621341861926428,20.866267799772427,20.91796875,7.566001409347069,7.756895662142148,6559.063516653166,23.972501936481187,7.136908493570783,69.29708128904451,0.0
23.504305355797754,28.640046678098837,16.93359375,6.976480885765968,7.197688062455724,6017.102171084225,17.604081964544864,4.883044960954693,30.236868743795927,0.0
24.759812427529845,26.88680972638047,16.933593749999996,7.407730927510877,7.399116820831398,6338.51198144764,18.627286781754904,4.943463316095448,32.380806347873474,0.0
23.015449633277605,31.78213731110083,0.0,7.80364243554421,7.508721004773428,5891.955106119067,13.126722712238143,2.9804498408690643,17.050513619983903,0.0
5.12128059473775,20.618176634232952,0.0,1.415032309363521,7.82259729206097,1311.047832252864,0.27463686629734374,8.239267527845163,89.74866250980966,0.0
24.525197880692897,28.660488112162202,18.925781249999996,7.578512307529111,7.210554140001405,6278.450657457382,19.954509230970988,4.96488822140475,32.272079692371314,0.0
26.337406777864253,30.19366881441051,19.921875,7.24873119029655,7.2112541463206155,6742.376135133249,21.98689596762495,5.0035156962478124,31.56721025839907,0.0
31.9211319506536,33.30041860601533,20.91796875,8.065842766320387,7.067415103116721,8171.809779367321,23.22674418604362,3.8422552161366696,19.47033673362044,0.0
2.9098556579483024,19.311392167917038,0.0,10.013693889362331,7.762396811677304,744.9230484347654,0.1277300953490547,10.219139527650192,121.21942820860329,0.0
7.107372772098861,21.796938895758927,0.99609375,8.011832952621761,7.304412748248099,1819.4874296573084,1.4826547113648196,8.435609792432796,86.02257212217177,0.0
8.489127916408428,27.476910870132432,0.0,5.855943356915878,8.13125589847703,2173.2167466005576,0.29780765569144263,5.4997780970250245,38.10886938127323,0.0
1.7054460538256406,16.016432589456763,0.0,12.47957115565475,5.568511533458004,436.594189779364,0.04265853770639974,15.463019333044048,244.35873230967425,0.0
6.4985423457773965,26.469650519600116,0.0,6.79479259951613,8.623284240215106,1663.6268405190135,0.5802121198177386,6.9612509241513045,55.755926932402375,0.0
24.76983924952092,26.293574796683423,17.929687499999996,7.331876202955399,7.784174905801176,6341.078847877356,19.485033324236646,5.640258996691474,40.48000294777789,0.0
2.8573791277216696,17.591947126872814,0.0,11.846867671222233,6.064395266871514,731.4890566967474,0.42009219736184933,12.230566329217153,168.39589889917815,0.0
24.57429073599606,33.02890065372188,0.0,5.7048250084625005,7.7884236586321,6291.018428414991,10.731078008477095,2.58195085158098,13.95990440351617,0.0
13.21557857281682,29.77937743279025,0.0,6.273642575930722,7.645848597637849,3383.188114641106,3.4579492247621184,4.374831382619588,27.096606340150277,0.0
6.659984579475109,22.080988466996196,0.0,6.3867667790466465,9.2335561902448,1704.956052345628,2.3374230426653044,7.567312920142953,72.92180288546693,0.0
9.19236206681264,24.459471500724515,0.0,7.1645051486231806,6.904585668760561,2353.244689104036,3.504803403110756,6.988283608537296,62.15478834782347,0.0
7.799564090000428,19.135090179855265,0.0,8.424588148383148,6.579468367675087,1996.6884070401095,4.07342093525893,9.21045094113568,111.88318692415999,0.0
8.707948547953274,20.2980186912155,0.0,10.088594599164862,6.943605205927576,2229.234828276038,3.204151383794407,7.800095502933985,87.49807764498031,0.0
15.027997706101393,38.09117344577604,2.98828125,8.211659072683705,7.604705069086498,3847.1674127619567,3.507245976947955,3.7897394022646305,17.813617361693428,0.0
20.010169985885963,33.632938988784076,11.953125,8.389349291996247,7.860527194265577,5122.603516386806,12.430379438157892,4.176013747919802,23.085537724264658,0.0
7.836523266732403,24.518766850932394,0.99609375,6.159997541649443,7.709745544796919,2006.1499562834952,1.470921653559948,6.51092447628613,54.33841225638542,0.0
26.791682946560325,45.34908891320144,0.0,8.187799482344124,7.920509014973639,6858.670834319443,11.589661925153262,2.703721332392638,10.069032761757018,0.0
1.6939824249006052,16.000003654706905,0.0,4.139568969056682,9.632073048582905,433.65950077455494,0.21055592903278988,15.511716040781751,245.40566776720246,0.0
20.90583969978442,36.22479645051813,0.0,7.426773106726415,6.915841021659273,5351.894963144811,9.932432432431169,3.563947537667448,18.360746481537138,0.0
3.6127084190734737,22.010295101447525,0.0,3.9744173996633423,8.202795731587274,924.8533552828093,0.24480645572251586,9.23533465154445,92.20180110470261,0.0
28.81148557981308,42.37797073032305,0.0,8.093458576309553,7.519052623083251,7375.740308432149,12.735568760611049,2.620455331094647,10.461041363232482,0.0
6.596470764963204,28.376684301538894,0.0,11.952038436454599,8.156616061926536,1688.6965158305802,0.7512761352039087,7.09750299210975,54.827849749690145,0.0
23.720295420002984,38.54478120224817,4.98046875,8.079114937021094,7.350128039464439,6072.395627520764,6.220348395392961,2.52558502342861,10.421465580689699,0.0
25.063063104925444,39.33662362678548,5.9765625,7.54337601235528,7.5683578294778,6416.144154860914,6.534101149921765,2.423895495129289,9.587402420672102,0.0
19.93719120074396,34.350337832177495,4.98046875,6.523208845850683,6.835383956324195,5103.920947390454,6.179446986229846,3.9506884654079757,23.177673820546982,0.0
39.62893749250047,56.065279291883144,12.94921875,7.322157302527477,7.489967974985777,10145.00799808012,15.027793329599374,2.357246455016765,7.746024267266096,0.0
6.237162563920451,23.75077460333849,0.0,8.38779834332067,7.048845655802063,1596.7136163636355,0.28986685820955216,7.063607546464424,62.159878215342495,0.0
42.94339248501323,45.3230186486388,13.9453125,6.256179602784783,7.5074943117384665,10993.508476163386,18.724360775495917,1.8440794462673034,6.506201142194754,0.0
8.65305201149882,30.257784134277436,0.0,11.681069258124067,7.18758436295862,2215.181314943698,0.2230610667618633,5.9384961425965805,41.31880945723463,0.0
26.910278071131927,42.9221082384783,9.9609375,7.377748132650825,7.353016932703227,6889.031186209773,10.659219777725752,3.1533160749509306,13.536801211236343,0.0
12.972815363399732,27.510271835739637,3.984375,7.934898923525529,7.994454239007126,3321.0407330303315,4.752827828083529,4.959303717259119,34.67910064718077,0.0
2.886911984792515,17.56593663036983,0.0,12.53099487544714,6.691085464271985,739.0494681068839,0.08275030251392224,12.150667451982889,168.16950319800634,0.0
10.038817141889847,27.295700608571725,0.0,4.222651725621313,6.5733943918026725,2569.937188323801,2.5169535940030405,5.140302073129218,35.128069282736746,0.0
16.03465864819706,23.800768364042842,8.96484375,7.430862209354903,7.648164299285255,4104.872613938447,9.180534788432313,5.271402488357624,44.08397356120054,0.0
23.757992037846,32.457470384345974,11.953125,7.442138337269987,7.71126760563382,6082.045961688576,14.786999739182106,4.338660527938055,24.60661866550557,0.0
9.68682103447856,26.47174417268305,0.0,6.619327331093189,7.815280692413177,2479.8261848265115,0.6057333418840503,5.123829725695578,37.514979395158484,0.0
2.184542864308254,16.18646518255947,0.0,4.841885398047435,9.822563779415376,559.242973262913,0.033809209440486106,14.926061859958264,232.5508437544323,0.0
1.4092469034733168,16.001649930343643,0.0,3.018251982606596,12.34338132040918,360.7672072891691,0.0,15.557307080466693,246.40622150281496,0.0
11.394599472389306,29.85633296061796,0.0,5.818924444342832,7.366530350466858,2917.0174649316623,1.3786221853078369,4.938201558946309,33.335735218214076,0.0
16.034634162199602,38.956636211169645,0.0,7.355418029036423,7.525802476145309,4104.866345523098,1.0803109643982332,3.430978096655385,15.531894735982227,0.0
13.655989675585499,35.866013583741044,0.0,10.656793256904193,8.89018503074588,3495.9333569498876,0.9801177877161585,3.6642572528970123,17.875936307746443,0.0
4.996695902047827,22.111096153837725,0.99609375,3.0151002582652247,7.594156157418448,1279.1541509242438,1.6589815068415694,10.121869140320054,109.81903970721427,0.0
7.1111953413102125,25.33641061201727,0.0,7.390263273828421,7.792734684760139,1820.4660073754144,1.918875070598066,7.15994541553751,58.59780656595755,0.0
20.71516291314172,39.3627472023589,0.0,9.17646214803952,7.812652351587288,5303.081705764281,0.5053736754644511,2.6946984196219277,11.636463563794246,0.0
21.750842038879533,46.975220804665874,0.0,5.776974560485334,6.7503763335408715,5568.21556195316,1.2697296933982711,2.9008329834882827,11.304394940849928,0.0
12.918692727882826,28.158277350270275,0.0,6.493448300581069,7.31664870972125,3307.1853383380035,1.7347239663916336,4.338299733389972,28.20257950161737,0.0
21.486039897776713,44.18236057951297,0.0,5.698449970576943,7.760480526036065,5500.426213830839,1.5361268790276523,3.0913002747508656,13.330289056772894,0.0
16.55131789714808,35.46531540925623,0.0,5.055364077858648,7.887833148405934,4237.137381669909,0.9970362774641623,3.3359228644241457,16.48988510085128,0.0
6.386121057550252,23.856054748579478,0.0,9.287215724183124,6.806506939330908,1634.8469907328645,0.5082366291162772,6.917366232991798,60.560203280171166,0.0
7.616668055260085,25.642191938203595,0.0,5.551170282399304,7.671174389403941,1949.8670221465818,0.4137524943570286,6.310854273503515,50.45667388944652,0.0
6.871759410024785,26.03157947908119,0.0,9.534451896925583,7.417608530399731,1759.170408966345,0.21142765752381132,6.164841140680558,46.990169481864825,0.0
4.723072692376989,23.89448116113747,0.0,4.713510304149382,6.693493221765305,1209.1066092485091,0.11483129447270969,8.941454488082996,89.55282015038485,0.0
5.088830424706971,22.353564417962318,0.0,6.7486609013511645,6.946548119306729,1302.7405887249845,0.24684631362342743,7.901977576473695,75.99074410589681,0.0
10.789201890163536,34.08599536786014,0.0,8.21930528356508,7.6021820003799006,2762.035683881865,0.531400751986379,4.960329117261923,30.242858849834718,0.0
11.754429750403881,31.699939517113027,0.0,6.795544928984327,7.195402183998278,3009.1340161033936,1.3960010780581535,5.257749592285279,36.291862098005275,0.0
5.4472825786719845,18.944750042797867,0.0,9.604364817877078,8.329376525634816,1394.504340140028,0.5577023321170373,9.569329938703893,119.49491769353682,0.0
8.403654978743951,29.29599814321652,0.0,8.153056834658443,7.811859674001384,2151.3356745584515,0.0,5.1696194540551135,33.81843919465154,0.0
22.015764414387977,42.42238216118366,0.0,7.865412655261009,7.7263948790276045,5636.035690083322,4.228879602436023,2.4639445231769592,8.832389109297498,0.0
14.965816569924828,35.302674880356435,0.0,7.884072039236436,8.421098500576068,3831.249041900756,2.3780020439429106,3.8720005512145224,20.562896178802067,0.0
11.272380012694805,30.33982227368723,0.0,7.6601526804907385,8.65384521075303,2885.72928324987,1.0826172615687453,4.649504467745277,29.42358032967878,0.0
9.0022250077146,30.492943108494714,0.0,7.855103325822732,8.555216629027804,2304.5696019749375,0.9967510538693202,5.724413706660485,38.50268319008478,0.0
8.092665145329422,28.72714716001047,0.0,9.396074829603164,5.412554744525505,2071.722277204332,0.0,5.495482476733208,37.28517335150756,0.0
7.877108550768936,24.56022592474768,0.0,9.148643997323592,6.262411093641131,2016.5397889968476,0.8162487615273257,6.464918053533396,54.36873974781942,0.0
8.826428702924296,27.76939128824621,0.0,8.670913877052282,7.207620760176519,2259.56574794862,0.5999894803282138,5.574133653329322,39.38096754340605,0.0
8.033579125840749,29.862938380516635,0.0,7.8409952376323995,7.2067459379166054,2056.5962562152317,0.0,5.477786653491114,35.78563948836636,0.0
10.981115690520042,29.556186147663688,0.0,7.421255147337898,6.643543386887895,2811.1656167731308,1.5084383226776996,4.9120169331691015,32.45669690822452,0.0
10.434255027421775,26.80685123806318,0.0,8.720805875125645,8.99347285825986,2671.1692870199745,1.2400365630712984,5.594349498210087,42.28785764185769,0.0
7.8213646934442025,27.101364376104215,0.0,9.732527357034577,8.161327459268772,2002.2693615217158,0.37940191863532996,6.100797580785222,46.43532443190455,0.0
10.50359528530664,35.62901382322955,0.0,9.509314366788894,5.848560267651474,2688.9203930384997,0.3945998834207697,5.210782384258577,32.428664610415424,0.0
11.643554083473846,30.649879173149802,0.0,7.493529656975691,6.503423274134239,2980.7498453693047,1.02520101980781,4.1701125123174165,24.08354851281642,0.0
11.471859319812319,26.31819150454947,0.0,7.572871334040802,8.650326638302877,2936.7959858719537,1.1174805180243323,4.408355144546495,32.583034950507525,0.0
7.581471083157985,22.296700381138493,0.0,8.676100271283772,7.337072544146312,1940.8565972884442,1.1556234485392425,7.367058723125082,72.07695382054452,0.0
4.410203827530729,21.199440140207248,0.0,6.170641178769687,6.269245065910848,1129.0121798478667,0.0,8.628994263642976,88.98614630705033,0.0
9.695067777402617,27.719178003627892,0.0,7.284076305814425,6.288497403783743,2481.93735101507,0.9379880538126449,6.126765335069376,49.720087930114154,0.0
15.258040133456348,33.821798254220944,0.0,7.695943766057114,7.414022141193242,3906.058274164825,1.6536731482975722,3.4245265940268657,17.400771427182885,0.0
11.156873130078148,29.2835340418501,0.0,7.448437367200485,6.849819696215416,2856.159521300006,1.2917757454186938,4.442789402931307,27.327036128395175,0.0
3.1230783609628774,16.873753470399286,0.0,10.529547332472427,6.030831533634936,799.5080604064966,0.23499220354395478,13.215035397677042,194.5594220753883,0.0
9.17331743954483,28.85486878910555,0.0,8.667660199638833,7.220619564053949,2348.3692645234764,0.3699441953639232,5.09729654111464,33.47681247774735,0.0
13.724199295240236,35.260317231073756,0.0,6.958274154866023,8.24558931468298,3513.3950195815005,2.1632162733171425,3.924458475303318,19.772236507184232,0.0
9.272963034851305,26.088108580019487,0.0,8.040529108220097,8.026395813649273,2373.878536921934,1.2594893029675687,5.866949030655951,47.649475731590684,0.0
12.439180295991015,35.09003646209458,0.0,7.960766820466487,5.979218726060539,3184.4301557737,1.0858872333220517,4.712308633762739,27.190597628501223,0.0
10.507518300414716,30.541025388312608,0.0,7.262840767955159,6.307925868875847,2689.9246849061674,0.9313381054850489,5.281421694618001,36.15606169079445,0.0
10.118325136751261,30.902788995012056,0.0,6.358900971481868,7.70325299012437,2590.291235008323,0.42750290160340565,4.704428154939112,28.725117724213785,0.0
4.388922807154965,19.43916581065471,0.0,7.236391316873863,7.500366950976585,1123.564238631671,0.08513132662013494,9.351222901382018,111.46877918115152,0.0
5.4144598353965705,22.289269207728662,0.0,9.460851408867757,8.582650254321253,1386.101717861522,0.0,7.319666243396047,70.18439077365272,0.0
6.930114214665298,27.30538124422235,0.0,10.526586474682693,7.065871808007972,1774.1092389543162,0.31318267813643447,6.129087836748744,44.83322550905797,0.0
11.918805121722325,39.45455965995244,0.0,6.740765041016561,8.638870074446011,3051.2141111609153,0.7345406464709299,4.70370111456551,25.23049542982438,0.0
8.816499570126144,28.787526407061634,0.0,7.3163893237402915,7.972941130739312,2257.023889952293,0.7130390721762341,6.481392341378411,50.654966720784344,0.0
10.953059254867842,28.25870982088654,0.0,8.479363054205784,7.154063563553289,2803.9831692461676,1.2190835861946467,4.616085634526243,31.105603580119872,0.0
8.799841375801932,26.02840806583067,0.0,6.818530748578281,8.801115362662005,2252.7593922052947,1.315375650861486,6.022934203784108,46.641589716530454,0.0
9.053681971721165,29.476051442552116,0.0,6.959127683140698,7.217669560270609,2317.7425847606182,0.9579832375543551,5.33969542721583,36.27679235371113,0.0
9.811139862296574,31.56892500667502,0.0,9.406138100114969,9.025751248857992,2511.651804747923,0.8194503660292793,5.211267812330482,33.32939417083647,0.0
6.418949822560513,26.571974605909855,0.0,6.137433818418514,7.536532045237904,1643.2511545754912,0.3547654404626167,7.617800057672549,66.67242812234807,0.0
11.914711866891,31.014051649691755,0.0,7.42278901523996,7.501084949927082,3050.166237924096,0.5728242001835633,4.245838062480094,25.117261275203496,0.0
14.550900658627384,39.047837099920685,0.0,6.656627138560102,6.472824225766196,3725.0305686086103,0.4464155054389368,3.885145451929087,19.615301205993454,0.0
5.615880834824152,25.87962312939709,0.0,5.188657966633532,7.157177195637978,1437.6654937149829,0.0,6.698581098285957,52.358279984697894,0.0
4.995597352366827,20.7019869029964,0.0,3.9389121412682324,7.092761648038099,1278.8729222059078,0.0524552817571675,8.531975814307124,91.806119592134,0.0
5.558394381193095,19.87970044683347,0.0,4.775173580886485,6.284501899051438,1422.9489615854322,0.24467218677887892,8.721756691342382,100.69711971392869,0.0
8.4351104335186,25.237328973844786,0.0,9.235787014166775,8.733056444570373,2159.3882709807617,0.7866531850353238,6.002533867480773,48.55123255413934,0.0
6.011044886557731,24.183522494015364,0.0,9.029270015241762,6.383251828933547,1538.8274909587792,0.19847936896659762,6.740757873819316,56.86550541727054,0.0
5.886313844166867,21.970453629530915,0.0,10.036906508538157,9.113466397685146,1506.896344106718,0.5650016858531217,7.956465097881353,79.58812562866076,0.0
6.015830095754231,24.702576537019905,0.0,9.989797100418613,6.735964971007791,1540.0525045130832,0.0,6.796382632693354,57.26863070686891,0.0
8.323770272651235,28.849247027348,0.0,7.966356285201135,7.5144724210727185,2130.885189798716,0.0,5.121748052965839,33.42374408617016,0.0
7.156040176789165,28.29848767308864,0.0,9.03902085327745,9.83133579164966,1831.9462852580261,0.2007901656043941,6.550787422036627,49.30843832483691,0.0
8.508843059221944,26.6115487072514,0.0,7.276711741142042,7.905311723252982,2178.2638231608175,0.11056413618794317,5.4239632594467615,39.59845796668872,0.0
7.5215688742020514,27.13152126724217,0.0,4.680608132883187,7.6844435533543285,1925.5216317957252,0.1794647971848659,6.0458658753672285,45.27658727449059,0.0
12.140128569839955,35.98543668124738,0.0,7.240543154957602,8.831878551647911,3107.8729138790286,0.0,4.307805046168729,23.735640980641126,0.0
13.129210158638257,35.226511534954795,0.0,8.92120661529468,7.547704926432143,3361.0778006113937,0.43144701585203893,3.7506222520363726,18.509619586190762,0.0
10.212009900539854,25.988199496097394,0.0,7.4428466881342725,6.990469481977971,2614.2745345382027,1.0059182650888046,5.191419513501265,39.322284355226586,0.0
12.754678946550763,32.6882487877575,0.0,7.209071285816445,8.514125061854257,3265.1978103169954,1.2631817571193338,4.285951397937238,25.33146874435339,0.0
10.695255463200343,28.149497471408193,0.0,8.275970571002976,6.7225147393613875,2737.985398579288,1.1371349644830278,5.114210984177935,36.09677487731359,0.0
11.191122080664606,29.94199083808076,0.0,9.041658181337858,7.481133084290576,2864.927252650139,1.1409673144872423,4.5102579156153935,28.127754613665807,0.0
8.044292921289337,28.236087501424663,0.0,6.545982184692444,7.172221864519259,2059.33898785007,0.10075808278418452,5.950755401526345,43.622909233842655,0.0
5.058289578188175,20.17134258559678,0.0,8.013394717724351,6.672068347902145,1294.9221320161728,0.09458195490107543,8.58809453044969,96.56841287174072,0.0
12.28036291189954,31.832180261775523,0.0,8.270271935342134,6.115482047614515,3143.772905446282,1.1363491507058259,4.600818666662381,29.70672250391202,0.0
12.284424556568899,31.61111238732727,0.0,8.257219286105732,8.565155911988166,3144.812686481638,1.3213948693327844,4.388657667331507,25.793505360298848,0.0
15.260775351563982,40.06844072471331,0.0,7.621763876355626,7.532401184992754,3906.7584900003794,1.408719112671763,3.7646083154185597,18.053747686100724,0.0
11.100704910620628,30.559116162733385,0.0,9.120332319013208,10.016288376808854,2841.780457118881,0.2062426983794147,4.417778563971921,27.386019692050283,0.0
40.825434443958116,49.73582973481483,0.0,7.138816580034622,7.990394212111218,10451.311217653278,21.571443508973026,1.484447774712945,4.955885433742843,0.0
41.79211379907569,44.529603900414386,0.0,8.093777715249377,7.835686562340985,10698.781132563377,33.758396941081145,1.4092705470930595,5.25167352352835,0.0
52.53226838196843,59.99000654292786,0.0,8.245012193481168,7.623441771313554,13448.260705783918,33.52450821714914,1.400899747569148,4.495633659699138,0.0
31.407694894256643,47.721113920921766,0.0,10.168540165096626,7.687333442468981,8040.369892929701,6.4385483332826645,1.8782536466964084,5.9302473057901945,0.0
26.63111445275595,48.1597698682926,0.0,3.156181383856157,7.237905453883659,6817.565299905523,2.9916662890761248,2.2747138175111066,7.425900182478972,0.0
34.32207751882028,46.312509973104774,3.984375,6.599945042529037,7.460647537582484,8786.451844817992,10.463578404773099,1.8543870416372055,6.317760040069097,0.0
14.762415865383712,27.336149739358348,2.98828125,6.906073440462782,8.177643981231602,3779.1784615382303,4.090461538461083,4.353351838498193,30.08724596831716,0.0
19.00950623293583,32.14141350251546,5.9765625,7.293307437788386,7.891331275602446,4866.433595631573,6.404689256463078,3.355371579953068,17.52379645460677,0.0
28.477846649741775,44.95723301520268,9.960937499999998,7.428695759195453,7.106188902173148,7290.328742333894,10.72220267417293,2.574170335652031,9.010825623562406,0.0
25.715681896043346,42.408371729274364,7.96875,7.684552262374449,7.715298928898348,6583.214565387097,9.555599060294107,2.776511592919581,10.809372057008197,0.0
4.664924201107814,17.893489256173904,0.99609375,8.38573540914683,5.483035916146151,1194.2205954836004,1.1653188265571468,11.469242774928672,153.55419560338746,0.0
8.241052501984802,20.13367044010556,1.9921875,8.66037155285682,7.807880351538842,2109.7094405081093,2.494649515076418,8.236335695572055,92.37552722682916,0.0
7.63616242762823,23.91624709897629,0.0,11.570350887632298,7.305539090374392,1954.857581472827,0.9238563094868337,6.043550832966939,50.941426919576415,0.0
17.493013530557146,38.04852848453972,0.0,7.012612404349941,7.849636199710146,4478.211463822629,1.1250173564046135,3.5853082538469825,18.02570906864011,0.0
18.794903772108306,37.260713068547,0.0,11.0542854341335,7.049583894856297,4811.495365659726,1.0522176749693888,3.029284803878804,13.627976784319168,0.0
8.133637981644586,21.25324776855164,0.0,7.355292179923056,6.523615904024609,2082.211323301014,0.636817845784295,7.075830391486946,73.91019931199608,0.0
20.112879526099917,46.538793752848555,0.0,9.305021003703624,7.987763313920934,5148.897158681579,1.5267657860862203,3.220495018883464,13.502051405749064,0.0
13.359603410936511,30.031878965493036,0.0,6.250662276502444,6.466847706324408,3420.058473199747,1.1203302652948843,3.6919711420045997,21.517343659958815,0.0
20.023403269902282,43.47718119724497,2.98828125,6.121093821238334,7.22255990126123,5125.991237094984,3.787561641890867,3.521174686586387,15.920116972907277,0.0
5.841687183112112,18.765119831224688,0.99609375,7.11847603747489,6.6259274617344275,1495.4719188767008,1.5457618304729062,9.981999596023579,124.71171244214503,0.0
4.43737948215953,17.68876700494825,0.0,11.168806451280801,6.8020577360783285,1135.9691474328397,0.8197325519509729,11.546468422037739,158.56379916456433,0.0
5.287829584976189,18.612995164198097,0.0,5.715741894435407,6.950983684301978,1353.6843737539043,0.8735767134817517,10.15178367315958,129.37804224269402,0.0
9.61281464498589,32.220163737955815,0.99609375,10.307139990404032,6.373342949481997,2460.880549116388,1.5691142381209953,5.282961410381361,33.47365168418154,0.0
14.146657914345766,33.83591190394022,0.99609375,8.876261820600188,7.249063808875253,3621.544426072516,1.8329997389258939,4.159994142409765,23.12460605030187,0.0
13.108421161811098,36.440872810450436,0.0,8.551220239155898,7.399607346380756,3355.755817423641,2.028658645769746,4.3345081700216666,23.237203446616732,0.0
7.12287173793929,22.43057141106408,0.0,4.988423098775467,7.167536807633953,1823.4551649124583,0.7107353082312311,7.196574452248121,68.92028942569546,0.0
1.7705153079286582,16.316414898859094,0.0,6.166163878730379,3.779479450668528,453.2519188297365,0.0,14.69774606164959,226.83599248875433,0.0
1.4622251957121903,17.24497859394292,0.0,9.833708580253383,0.20555154983499305,374.3296501023207,0.016071269685915126,13.332698785078687,188.18540306657286,0.0
8.78606716123913,31.344786899995455,0.0,12.095359296118735,8.11378761202466,2249.233193277217,0.0,4.882446105152043,28.791017752127924,0.0
3.895418963999236,22.718052922999114,0.0,10.50777966873103,6.445011927172507,997.2272547838044,0.08167812844112946,9.206368687216452,91.62164397432058,0.0
3.115114961522095,19.991423279333695,0.0,8.381056922196802,5.249252320111854,797.4694301496563,0.0,9.48513320557215,106.98017633808254,0.0
2.2936944347008095,17.973660776024992,0.0,13.15292036162581,10.144837898640608,587.1857752834072,0.0,11.790521438944264,157.0582716170839,0.0
22.8638463446404,46.61466675804959,0.0,7.8565061172079345,7.158373675247226,5853.1446642279425,1.2314237658145715,2.6699819734396346,10.14690868783204,0.0
9.23610014928639,34.83056312114523,0.0,3.0766269498204983,6.752587620082477,2364.441638217316,0.4503268770755873,4.9897837534922465,28.770687296476094,0.0
12.067266063569775,27.190314385493444,0.0,7.940251336659772,6.985372828821733,3089.2201122738625,0.8805443897703895,4.50988319037951,32.42924114958904,0.0
10.546570087930426,27.036291365592753,0.0,8.342463111875103,7.382073880108177,2699.921942510189,0.6314734033064918,5.029307469053073,35.30972872358732,0.0
14.034692636269257,32.43625386282119,0.0,7.721821475900941,7.834329036345498,3592.88131488493,0.7591721570251417,3.7576920022008835,20.254929938445635,0.0
7.729131621483855,27.05048653581016,0.0,3.708542359269645,6.510785189940247,1978.657695099867,0.45306209641825346,5.496175919307329,38.77743347372799,0.0
8.379438503327922,29.735741145395906,0.0,6.499880080559559,7.872688265307804,2145.136256851948,0.5168363351605325,5.632992391253348,38.3316268708978,0.0
9.227745333532253,25.34571772178206,0.0,6.87984010449009,7.166396511729825,2362.3028053842568,0.7597010487311162,5.478827254525939,43.02607737127089,0.0
3.7252553099520673,20.20899479025023,0.0,5.2982391718108595,8.188640629169688,953.6653593477292,0.0,9.357648624607329,104.6183876423799,0.0
15.23021389477811,37.85738326589326,0.0,7.770204163464434,7.516660540648913,3898.9347570631962,0.9412839115107612,3.366154924642818,15.351595649156247,0.0
15.009870914757022,34.96446883149273,0.0,8.243735991522438,7.495814056855122,3842.5269541777975,1.124724332271504,3.499673221726606,17.498214848446008,0.0
9.873217838195892,26.688338904080084,0.0,6.791102961996106,7.310783420004004,2527.5437665781483,0.9404038675451359,5.16658320121741,37.10366042676231,0.0
9.518633254240347,27.510386915118286,0.0,7.727098597835415,8.244891921408472,2436.770113085529,0.8980613893376427,5.32377454610829,37.57604348876359,0.0
14.200102137020277,33.65201204524032,0.0,7.0813246000169645,6.443159372442749,3635.226147077191,1.262979258328102,3.664858851347597,19.440045319339074,0.0
4.217772923778679,20.50159204025509,0.0,11.057048259708885,8.317641478207168,1079.749868487342,0.32503853412155104,9.879214217802767,109.58990584112911,0.0
2.040376837665839,16.324671039479586,0.0,8.359609414883076,6.796986658185761,522.3364704424548,0.0,14.617294204142162,225.3685938974784,0.0
2.4055089614493372,20.17970870120885,0.0,6.085623061003686,5.537160875907999,615.8102941310303,0.0,10.608684758842179,121.06768247734502,0.0
11.149463411211036,34.165006583477464,0.0,10.730298987381639,7.510942132153704,2854.262633270025,0.3423778828153008,4.301896821154321,23.421186426122777,0.0
12.868982396528349,30.601706518790014,0.0,7.4876294189354615,6.436368955709011,3294.4594935112573,3.7161395993440713,4.618850138604847,30.251422643650013,0.0
2.7708468513794604,18.570857073818416,0.0,11.986420252709234,4.32861189801697,709.3367939531419,0.08690052866562346,10.986792920683232,138.61611418037893,0.0
6.711578504925361,28.815452986578656,0.0,7.606249415397667,7.616270981460036,1718.1640972608925,0.08912660916109474,6.39295317619483,47.2401047133711,0.0
10.832914491209936,27.093122598358576,0.0,8.337700875196736,8.93917461492922,2773.2261097497435,0.8839535016240285,4.754902185482546,33.70185318285613,0.0
2.986644159486826,17.87240983022113,0.0,7.707465341068917,10.229479360879989,764.5809048286275,0.0,11.847433495154142,159.29762098825267,0.0
5.535728482130333,21.336562359416522,0.0,5.838493598042204,7.993691522585939,1417.1464914253652,0.28680227513737594,7.968302249715301,81.18522139038238,0.0
3.340059168198482,23.2399787506809,0.0,3.4562721702676162,9.326885336527386,855.0551470588114,0.0,9.820913128585872,103.80610874959615,0.0
3.142365603850724,18.863618174100722,0.0,9.711901254527008,8.229071628757863,804.4455945857853,0.046203247313199,10.574755733771012,130.2629309011025,0.0
4.105097387987494,25.70871214442062,0.0,5.749367322836771,3.9141878874297,1050.9049313247986,0.0,8.004983799567633,71.15664771868106,0.0
1.5446973277778,16.96091563521743,0.0,8.075295909340351,7.87714023359206,395.4425159111168,0.0,13.69837669282324,198.4668852615452,0.0
9.664517239872403,29.19845296211277,0.0,7.824443879834029,7.1680476446898584,2474.116413407335,0.5488612531734074,5.484890085221903,38.39265359928093,0.0
7.229084144246251,27.370120898410573,0.0,5.211579435707296,6.996199083154829,1850.6455409270402,0.3255463509233348,6.484399210599907,50.346727639921895,0.0
8.671655294836992,26.259778462337344,0.0,7.96148948111303,6.674495311576404,2219.94375547827,0.7740317501542089,6.47906405148163,54.40043536323685,0.0
10.594939104081321,28.766096687638044,0.0,7.31856071105366,8.681237368499364,2712.3044106448183,0.9310385223656228,4.792642078810265,31.629226834453025,0.0
3.389706000423039,18.99460010125976,0.0,9.831287135403908,5.392818262356055,867.7647361082979,0.18279996837899226,11.122890588347293,136.36295906675954,0.0
4.919240371305385,19.977913801140645,0.0,10.69350774955037,5.573358918759023,1259.3255350541785,0.0,8.581225070825594,98.6504067991798,0.0
16.428878607374298,38.79249195581127,0.0,7.1367189265749245,6.531459535612567,4205.79292348782,1.3941784970954794,3.406434359458705,15.670769854320223,0.0
16.903740193984277,37.971578662101656,0.0,7.247028550639144,7.50153826590983,4327.357489659975,1.650782233411264,3.2359149474935984,14.406448733054864,0.0
17.237228061892505,38.519781694880976,0.0,7.608558621156599,6.795033512565875,4412.730383844481,1.9104362571296636,3.3883600942802583,16.121247488326564,0.0
11.187185098814563,30.32779310240127,0.0,8.19515254355217,7.453481270751769,2863.919385296528,1.1844761346617272,4.371230976759907,26.314337958587128,0.0
15.373962622062203,36.50859067263891,0.0,7.428368885501522,8.119506707927416,3935.734431247924,1.3950225346523468,3.563893360223932,17.61679697118351,0.0
17.930299746073356,37.629746573958414,0.0,7.876123826661806,6.605029348393942,4590.156734994779,1.8573096899105792,2.942493190039733,12.653243478743297,0.0
14.708467985276268,32.00203274999495,0.0,7.244744982088097,6.621097942252582,3765.3678042307247,2.4684897176973783,3.6843893162435166,20.3658149260195,0.0
20.8072961172482,44.657383616995034,0.0,7.397068137410597,7.527650563560597,5326.667806015539,2.2764194949332697,2.8817481060795878,10.916796532133986,0.0
21.982452087546935,47.606232081631596,0.0,7.268124264236736,7.797490991112466,5627.507734412015,3.1606972870062364,2.9245125363704987,11.045116184946062,0.0
8.817644469034304,23.53852847836217,0.0,7.401256339009812,7.145445541830589,2257.316984072782,1.076421021869371,6.126177977044707,53.6683266178173,0.0
14.420231571723507,33.73821395970211,0.0,7.2248990613252655,7.223369409902589,3691.579282361218,1.4066353727424645,3.68324778103131,18.981084095441403,0.0
14.662342837214872,33.23450593429476,0.0,6.801327300048488,7.43255124504343,3753.5597663270073,1.2954988016776632,3.781174903147944,21.112748339063764,0.0
9.213875433035845,25.026879614979222,0.0,6.971987707595392,8.55083861475987,2358.7521108571764,0.6796960365550846,5.320678379793545,42.513415885359336,0.0
14.694946999514428,33.83029546977244,0.0,7.52978544766683,6.7289519204507275,3761.9064318756937,1.42385464855992,3.608584875045298,18.656162283572034,0.0
20.01128407462241,43.81904526052775,0.0,7.497732807448913,7.3463859778049585,5122.888723103337,2.2878710538715605,3.2183379473645357,13.861886282369783,0.0
10.11497568340122,25.609548406857197,0.0,7.7026946589585705,7.520223352326684,2589.433774950712,0.8737173179645785,4.937261304152261,37.82840870771434,0.0
5.209337340237232,19.05949533624308,0.0,6.829212618938315,7.064217395079941,1333.5903591007313,0.3115775132189314,9.584380533036578,117.95170371817683,0.0
5.020936126000324,22.209780683284862,0.0,9.070522037416069,6.245527081952078,1285.359648256083,0.2174933306985478,9.230019629236592,96.60941862304529,0.0
1.124453819483154,15.994799096635258,0.0,0.0560514504876452,11.828926486169216,287.8601777876874,0.0,15.63861745623894,247.9612653470254,0.0
4.028125605036202,23.001717138147043,0.0,12.715627112947205,8.869965567510777,1031.2001548892677,0.0,8.041991805218291,74.43297560519646,0.0
6.444078858657228,26.535376189542646,0.0,8.043870538477114,7.209145917269742,1649.6841878162504,0.13870474247832754,6.28902724358817,47.02732196068038,0.0
13.909010819642528,38.20897225349798,0.0,5.23662253849596,5.475678426233045,3560.7067698284873,1.6126742385127684,4.097589660633172,20.606562914306593,0.0
4.320407880296117,20.902239602458003,0.0,7.020526729067401,5.048423040422319,1106.024417355806,1.0475058191284274,8.965791490401458,93.74356978294007,0.0
8.141015020706844,23.1965174142869,0.99609375,8.04173451060949,9.483638944753404,2084.099845300952,1.977641895296493,6.81651444508176,62.18700634362338,0.0
